Date;GDP YOY;CPI YOY;InflationTrend;GrowthTrend;RecessionFlag;Regime
1970-12-31;-0.2;5.6;;;1;Recessionary Pressure
1971-01-31;-0.2;5.3;;;1;Recessionary Pressure
1971-02-28;-0.2;5.0;;;1;Recessionary Pressure
1971-06-30;3.1;4.6;Falling;Rising;0;Disinflationary Expansion
1971-07-31;3.1;4.4;Falling;Rising;0;Disinflationary Expansion
1971-08-31;3.1;4.6;Falling;Rising;0;Disinflationary Expansion
1971-09-30;3.0;4.1;Falling;Rising;0;Disinflationary Expansion
1971-10-31;3.0;3.8;Falling;Rising;0;Disinflationary Expansion
1971-11-30;3.0;3.3;Falling;Rising;0;Disinflationary Expansion
1971-12-31;4.4;3.3;Falling;Rising;0;Disinflationary Expansion
1972-01-31;4.4;3.3;Falling;Rising;0;Disinflationary Expansion
1972-02-29;4.4;3.5;Falling;Rising;0;Disinflationary Expansion
1972-03-31;3.5;3.5;Falling;Rising;0;Disinflationary Expansion
1972-04-30;3.5;3.5;Falling;Rising;0;Disinflationary Expansion
1972-05-31;3.5;3.2;Falling;Rising;0;Disinflationary Expansion
1972-06-30;5.2;2.7;Falling;Rising;0;Disinflationary Expansion
1972-07-31;5.2;2.9;Falling;Rising;0;Disinflationary Expansion
1972-08-31;5.2;2.9;Falling;Rising;0;Disinflationary Expansion
1972-09-30;5.4;3.2;Falling;Rising;0;Disinflationary Expansion
1972-10-31;5.4;3.4;Falling;Rising;0;Disinflationary Expansion
1972-11-30;5.4;3.7;Rising;Rising;0;Reflation / Overheating
1972-12-31;6.9;3.4;Rising;Rising;0;Reflation / Overheating
1973-01-31;6.9;3.6;Rising;Rising;0;Reflation / Overheating
1973-02-28;6.9;3.9;Rising;Rising;0;Reflation / Overheating
1973-03-31;7.6;4.6;Rising;Rising;0;Reflation / Overheating
1973-04-30;7.6;5.1;Rising;Rising;0;Reflation / Overheating
1973-05-31;7.6;5.5;Rising;Rising;0;Reflation / Overheating
1973-06-30;6.3;6.0;Rising;Falling;0;High Inflation / Slowing Growth
1973-07-31;6.3;5.7;Rising;Falling;0;High Inflation / Slowing Growth
1973-08-31;6.3;7.4;Rising;Falling;0;High Inflation / Slowing Growth
1973-09-30;4.8;7.4;Rising;Falling;0;High Inflation / Slowing Growth
1973-10-31;4.8;7.8;Rising;Falling;0;High Inflation / Slowing Growth
1973-11-30;4.8;8.3;Rising;Falling;0;High Inflation / Slowing Growth
1973-12-31;4.0;8.7;Rising;Falling;0;High Inflation / Slowing Growth
1974-01-31;4.0;9.4;Rising;Falling;0;High Inflation / Slowing Growth
1974-02-28;4.0;10.0;Rising;Falling;0;High Inflation / Slowing Growth
1974-03-31;0.6;10.4;Rising;Falling;0;High Inflation / Slowing Growth
1974-04-30;0.6;10.1;Rising;Falling;0;High Inflation / Slowing Growth
1974-05-31;0.6;10.7;Rising;Falling;0;High Inflation / Slowing Growth
1974-06-30;-0.2;10.9;Rising;Falling;1;Recessionary Pressure
1974-07-31;-0.2;11.5;Rising;Falling;1;Recessionary Pressure
1974-08-31;-0.2;10.9;Rising;Falling;1;Recessionary Pressure
1974-09-30;-0.6;11.9;Rising;Falling;1;Recessionary Pressure
1974-10-31;-0.6;12.1;Rising;Falling;1;Recessionary Pressure
1974-11-30;-0.6;12.2;Rising;Falling;1;Recessionary Pressure
1974-12-31;-1.9;12.3;Rising;Falling;1;Recessionary Pressure
1975-01-31;-1.9;11.8;Rising;Falling;1;Recessionary Pressure
1975-02-28;-1.9;11.2;Rising;Falling;1;Recessionary Pressure
1975-03-31;-2.3;10.3;Falling;Falling;1;Recessionary Pressure
1975-04-30;-2.3;10.2;Falling;Falling;1;Recessionary Pressure
1975-05-31;-2.3;9.5;Falling;Falling;1;Recessionary Pressure
1975-06-30;-1.8;9.4;Falling;Rising;1;Recessionary Pressure
1975-07-31;-1.8;9.7;Falling;Rising;1;Recessionary Pressure
1975-08-31;-1.8;8.6;Falling;Rising;1;Recessionary Pressure
1975-09-30;0.8;7.9;Falling;Rising;0;Disinflationary Expansion
1975-10-31;0.8;7.4;Falling;Rising;0;Disinflationary Expansion
1975-11-30;0.8;7.4;Falling;Rising;0;Disinflationary Expansion
1975-12-31;2.6;6.9;Falling;Rising;0;Disinflationary Expansion
1976-01-31;2.6;6.7;Falling;Rising;0;Disinflationary Expansion
1976-02-29;2.6;6.3;Falling;Rising;0;Disinflationary Expansion
1976-03-31;6.2;6.1;Falling;Rising;0;Disinflationary Expansion
1976-04-30;6.2;6.0;Falling;Rising;0;Disinflationary Expansion
1976-05-31;6.2;6.2;Falling;Rising;0;Disinflationary Expansion
1976-06-30;6.2;6.0;Falling;Rising;0;Disinflationary Expansion
1976-07-31;6.2;5.4;Falling;Rising;0;Disinflationary Expansion
1976-08-31;6.2;5.7;Falling;Rising;0;Disinflationary Expansion
1976-09-30;5.0;5.5;Falling;Falling;0;Recessionary Pressure
1976-10-31;5.0;5.5;Falling;Falling;0;Recessionary Pressure
1976-11-30;5.0;4.9;Falling;Falling;0;Recessionary Pressure
1976-12-31;4.3;4.9;Falling;Falling;0;Recessionary Pressure
1977-01-31;4.3;5.2;Falling;Falling;0;Recessionary Pressure
1977-02-28;4.3;5.9;Rising;Falling;0;High Inflation / Slowing Growth
1977-03-31;3.2;6.4;Rising;Falling;0;High Inflation / Slowing Growth
1977-04-30;3.2;7.0;Rising;Falling;0;High Inflation / Slowing Growth
1977-05-31;3.2;6.7;Rising;Falling;0;High Inflation / Slowing Growth
1977-06-30;4.5;6.9;Rising;Rising;0;Reflation / Overheating
1977-07-31;4.5;6.8;Rising;Rising;0;Reflation / Overheating
1977-08-31;4.5;6.6;Rising;Rising;0;Reflation / Overheating
1977-09-30;5.8;6.6;Rising;Rising;0;Reflation / Overheating
1977-10-31;5.8;6.4;Falling;Rising;0;Disinflationary Expansion
1977-11-30;5.8;6.7;Flat;Rising;0;Neutral/Transition
1977-12-31;5.0;6.7;Falling;Rising;0;Disinflationary Expansion
1978-01-31;5.0;6.8;Flat;Rising;0;Neutral/Transition
1978-02-28;5.0;6.4;Falling;Rising;0;Disinflationary Expansion
1978-03-31;4.1;6.6;Flat;Falling;0;Neutral/Transition
1978-04-30;4.1;6.5;Rising;Falling;0;High Inflation / Slowing Growth
1978-05-31;4.1;7.0;Rising;Falling;0;High Inflation / Slowing Growth
1978-06-30;6.1;7.4;Rising;Rising;0;Reflation / Overheating
1978-07-31;6.1;7.7;Rising;Rising;0;Reflation / Overheating
1978-08-31;6.1;7.8;Rising;Rising;0;Reflation / Overheating
1978-09-30;5.2;8.3;Rising;Rising;0;Reflation / Overheating
1978-10-31;5.2;8.9;Rising;Rising;0;Reflation / Overheating
1978-11-30;5.2;8.9;Rising;Rising;0;Reflation / Overheating
1978-12-31;6.7;9.0;Rising;Rising;0;Reflation / Overheating
1979-01-31;6.7;9.3;Rising;Rising;0;Reflation / Overheating
1979-02-28;6.7;9.9;Rising;Rising;0;Reflation / Overheating
1979-03-31;6.5;10.1;Rising;Rising;0;Reflation / Overheating
1979-04-30;6.5;10.5;Rising;Rising;0;Reflation / Overheating
1979-05-31;6.5;10.9;Rising;Rising;0;Reflation / Overheating
1979-06-30;2.7;10.9;Rising;Falling;0;High Inflation / Slowing Growth
1979-07-31;2.7;11.3;Rising;Falling;0;High Inflation / Slowing Growth
1979-08-31;2.7;11.8;Rising;Falling;0;High Inflation / Slowing Growth
1979-09-30;2.4;12.2;Rising;Falling;0;High Inflation / Slowing Growth
1979-10-31;2.4;12.1;Rising;Falling;0;High Inflation / Slowing Growth
1979-11-30;2.4;12.6;Rising;Falling;0;High Inflation / Slowing Growth
1979-12-31;1.3;13.3;Rising;Falling;0;High Inflation / Slowing Growth
1980-01-31;1.3;13.9;Rising;Falling;0;High Inflation / Slowing Growth
1980-02-29;1.3;14.2;Rising;Falling;0;High Inflation / Slowing Growth
1980-03-31;1.4;14.8;Rising;Falling;0;High Inflation / Slowing Growth
1980-04-30;1.4;14.7;Rising;Falling;0;High Inflation / Slowing Growth
1980-05-31;1.4;14.4;Rising;Falling;0;High Inflation / Slowing Growth
1980-06-30;-0.8;14.4;Rising;Falling;1;Recessionary Pressure
1980-07-31;-0.8;13.1;Falling;Falling;1;Recessionary Pressure
1980-08-31;-0.8;12.9;Falling;Falling;1;Recessionary Pressure
1980-09-30;-1.6;12.6;Falling;Falling;1;Recessionary Pressure
1980-10-31;-1.6;12.8;Falling;Falling;1;Recessionary Pressure
1980-11-30;-1.6;12.6;Falling;Falling;1;Recessionary Pressure
1980-12-31;0.0;12.5;Falling;Rising;1;Recessionary Pressure
1981-01-31;0.0;11.8;Falling;Rising;1;Recessionary Pressure
1981-02-28;0.0;11.4;Falling;Rising;1;Recessionary Pressure
1981-03-31;1.6;10.5;Falling;Rising;0;Disinflationary Expansion
1981-04-30;1.6;10.0;Falling;Rising;0;Disinflationary Expansion
1981-05-31;1.6;9.8;Falling;Rising;0;Disinflationary Expansion
1981-06-30;3.0;9.6;Falling;Rising;0;Disinflationary Expansion
1981-07-31;3.0;10.8;Falling;Rising;0;Disinflationary Expansion
1981-08-31;3.0;10.8;Falling;Rising;0;Disinflationary Expansion
1981-09-30;4.3;11.0;Rising;Rising;0;Reflation / Overheating
1981-10-31;4.3;10.1;Rising;Rising;0;Reflation / Overheating
1981-11-30;4.3;9.6;Falling;Rising;0;Disinflationary Expansion
1981-12-31;1.3;8.9;Falling;Falling;0;Recessionary Pressure
1982-01-31;1.3;8.4;Falling;Falling;0;Recessionary Pressure
1982-02-28;1.3;7.6;Falling;Falling;0;Recessionary Pressure
1982-03-31;-2.2;6.8;Falling;Falling;1;Recessionary Pressure
1982-04-30;-2.2;6.5;Falling;Falling;1;Recessionary Pressure
1982-05-31;-2.2;6.7;Falling;Falling;1;Recessionary Pressure
1982-06-30;-1.0;7.1;Falling;Falling;1;Recessionary Pressure
1982-07-31;-1.0;6.4;Falling;Falling;1;Recessionary Pressure
1982-08-31;-1.0;5.9;Falling;Falling;1;Recessionary Pressure
1982-09-30;-2.6;5.0;Falling;Falling;1;Recessionary Pressure
1982-10-31;-2.6;5.1;Falling;Falling;1;Recessionary Pressure
1982-11-30;-2.6;4.6;Falling;Falling;1;Recessionary Pressure
1982-12-31;-1.4;3.8;Falling;Falling;1;Recessionary Pressure
1983-01-31;-1.4;3.7;Falling;Falling;1;Recessionary Pressure
1983-02-28;-1.4;3.5;Falling;Falling;1;Recessionary Pressure
1983-03-31;1.4;3.6;Falling;Rising;0;Disinflationary Expansion
1983-04-30;1.4;3.9;Falling;Rising;0;Disinflationary Expansion
1983-05-31;1.4;3.5;Falling;Rising;0;Disinflationary Expansion
1983-06-30;3.3;2.6;Falling;Rising;0;Disinflationary Expansion
1983-07-31;3.3;2.5;Falling;Rising;0;Disinflationary Expansion
1983-08-31;3.3;2.6;Falling;Rising;0;Disinflationary Expansion
1983-09-30;5.7;2.9;Falling;Rising;0;Disinflationary Expansion
1983-10-31;5.7;2.9;Falling;Rising;0;Disinflationary Expansion
1983-11-30;5.7;3.3;Falling;Rising;0;Disinflationary Expansion
1983-12-31;7.9;3.8;Rising;Rising;0;Reflation / Overheating
1984-01-31;7.9;4.2;Rising;Rising;0;Reflation / Overheating
1984-02-29;7.9;4.6;Rising;Rising;0;Reflation / Overheating
1984-03-31;8.6;4.8;Rising;Rising;0;Reflation / Overheating
1984-04-30;8.6;4.6;Rising;Rising;0;Reflation / Overheating
1984-05-31;8.6;4.2;Rising;Rising;0;Reflation / Overheating
1984-06-30;8.0;4.2;Rising;Rising;0;Reflation / Overheating
1984-07-31;8.0;4.2;Flat;Rising;0;Neutral/Transition
1984-08-31;8.0;4.3;Falling;Rising;0;Disinflationary Expansion
1984-09-30;6.9;4.3;Falling;Falling;0;Recessionary Pressure
1984-10-31;6.9;4.3;Falling;Falling;0;Recessionary Pressure
1984-11-30;6.9;4.1;Falling;Falling;0;Recessionary Pressure
1984-12-31;5.6;3.9;Falling;Falling;0;Recessionary Pressure
1985-01-31;5.6;3.5;Falling;Falling;0;Recessionary Pressure
1985-02-28;5.6;3.5;Falling;Falling;0;Recessionary Pressure
1985-03-31;4.6;3.7;Falling;Falling;0;Recessionary Pressure
1985-04-30;4.6;3.7;Falling;Falling;0;Recessionary Pressure
1985-05-31;4.6;3.8;Falling;Falling;0;Recessionary Pressure
1985-06-30;3.7;3.8;Falling;Falling;0;Recessionary Pressure
1985-07-31;3.7;3.6;Rising;Falling;0;High Inflation / Slowing Growth
1985-08-31;3.7;3.3;Falling;Falling;0;Recessionary Pressure
1985-09-30;4.3;3.1;Falling;Falling;0;Recessionary Pressure
1985-10-31;4.3;3.2;Falling;Falling;0;Recessionary Pressure
1985-11-30;4.3;3.5;Falling;Falling;0;Recessionary Pressure
1985-12-31;4.2;3.8;Flat;Rising;0;Neutral/Transition
1986-01-31;4.2;3.9;Rising;Rising;0;Reflation / Overheating
1986-02-28;4.2;3.1;Falling;Rising;0;Disinflationary Expansion
1986-03-31;4.1;2.3;Falling;Falling;0;Recessionary Pressure
1986-04-30;4.1;1.6;Falling;Falling;0;Recessionary Pressure
1986-05-31;4.1;1.5;Falling;Falling;0;Recessionary Pressure
1986-06-30;3.7;1.8;Falling;Falling;0;Recessionary Pressure
1986-07-31;3.7;1.6;Falling;Falling;0;Recessionary Pressure
1986-08-31;3.7;1.6;Falling;Falling;0;Recessionary Pressure
1986-09-30;3.1;1.8;Falling;Falling;0;Recessionary Pressure
1986-10-31;3.1;1.5;Falling;Falling;0;Recessionary Pressure
1986-11-30;3.1;1.3;Falling;Falling;0;Recessionary Pressure
1986-12-31;2.9;1.1;Falling;Falling;0;Recessionary Pressure
1987-01-31;2.9;1.5;Falling;Falling;0;Recessionary Pressure
1987-02-28;2.9;2.1;Rising;Falling;0;High Inflation / Slowing Growth
1987-03-31;2.7;3.0;Rising;Falling;0;High Inflation / Slowing Growth
1987-04-30;2.7;3.8;Rising;Falling;0;High Inflation / Slowing Growth
1987-05-31;2.7;3.9;Rising;Falling;0;High Inflation / Slowing Growth
1987-06-30;3.4;3.7;Rising;Rising;0;Reflation / Overheating
1987-07-31;3.4;3.9;Rising;Rising;0;Reflation / Overheating
1987-08-31;3.4;4.3;Rising;Rising;0;Reflation / Overheating
1987-09-30;3.3;4.4;Rising;Rising;0;Reflation / Overheating
1987-10-31;3.3;4.5;Rising;Rising;0;Reflation / Overheating
1987-11-30;3.3;4.5;Rising;Rising;0;Reflation / Overheating
1987-12-31;4.5;4.4;Rising;Rising;0;Reflation / Overheating
1988-01-31;4.5;4.0;Rising;Rising;0;Reflation / Overheating
1988-02-29;4.5;3.9;Falling;Rising;0;Disinflationary Expansion
1988-03-31;4.2;3.9;Falling;Rising;0;Disinflationary Expansion
1988-04-30;4.2;3.9;Falling;Rising;0;Disinflationary Expansion
1988-05-31;4.2;3.9;Falling;Rising;0;Disinflationary Expansion
1988-06-30;4.5;4.0;Falling;Flat;0;Neutral/Transition
1988-07-31;4.5;4.1;Rising;Flat;0;Neutral/Transition
1988-08-31;4.5;4.0;Rising;Flat;0;Neutral/Transition
1988-09-30;4.2;4.2;Rising;Flat;0;Neutral/Transition
1988-10-31;4.2;4.2;Rising;Flat;0;Neutral/Transition
1988-11-30;4.2;4.2;Rising;Flat;0;Neutral/Transition
1988-12-31;3.8;4.4;Rising;Falling;0;High Inflation / Slowing Growth
1989-01-31;3.8;4.7;Rising;Falling;0;High Inflation / Slowing Growth
1989-02-28;3.8;4.8;Rising;Falling;0;High Inflation / Slowing Growth
1989-03-31;4.3;5.0;Rising;Rising;0;Reflation / Overheating
1989-04-30;4.3;5.1;Rising;Rising;0;Reflation / Overheating
1989-05-31;4.3;5.4;Rising;Rising;0;Reflation / Overheating
1989-06-30;3.7;5.2;Rising;Falling;0;High Inflation / Slowing Growth
1989-07-31;3.7;5.0;Rising;Falling;0;High Inflation / Slowing Growth
1989-08-31;3.7;4.7;Falling;Falling;0;Recessionary Pressure
1989-09-30;3.9;4.3;Falling;Falling;0;Recessionary Pressure
1989-10-31;3.9;4.5;Falling;Falling;0;Recessionary Pressure
1989-11-30;3.9;4.7;Falling;Falling;0;Recessionary Pressure
1989-12-31;2.7;4.6;Falling;Falling;0;Recessionary Pressure
1990-01-31;2.7;5.2;Rising;Falling;0;High Inflation / Slowing Growth
1990-02-28;2.7;5.3;Rising;Falling;0;High Inflation / Slowing Growth
1990-03-31;2.8;5.2;Rising;Falling;0;High Inflation / Slowing Growth
1990-04-30;2.8;4.7;Rising;Falling;0;High Inflation / Slowing Growth
1990-05-31;2.8;4.4;Falling;Falling;0;Recessionary Pressure
1990-06-30;2.4;4.7;Rising;Falling;0;High Inflation / Slowing Growth
1990-07-31;2.4;4.8;Falling;Falling;0;Recessionary Pressure
1990-08-31;2.4;5.6;Rising;Falling;0;High Inflation / Slowing Growth
1990-09-30;1.7;6.2;Rising;Falling;0;High Inflation / Slowing Growth
1990-10-31;1.7;6.3;Rising;Falling;0;High Inflation / Slowing Growth
1990-11-30;1.7;6.3;Rising;Falling;0;High Inflation / Slowing Growth
1990-12-31;0.6;6.1;Rising;Falling;0;High Inflation / Slowing Growth
1991-01-31;0.6;5.7;Rising;Falling;0;High Inflation / Slowing Growth
1991-02-28;0.6;5.3;Falling;Falling;0;Recessionary Pressure
1991-03-31;-1.0;4.9;Falling;Falling;1;Recessionary Pressure
1991-04-30;-1.0;4.9;Falling;Falling;1;Recessionary Pressure
1991-05-31;-1.0;5.0;Falling;Falling;1;Recessionary Pressure
1991-06-30;-0.5;4.7;Falling;Falling;1;Recessionary Pressure
1991-07-31;-0.5;4.4;Falling;Falling;1;Recessionary Pressure
1991-08-31;-0.5;3.8;Falling;Falling;1;Recessionary Pressure
1991-09-30;-0.1;3.4;Falling;Rising;1;Recessionary Pressure
1991-10-31;-0.1;2.9;Falling;Rising;1;Recessionary Pressure
1991-11-30;-0.1;3.0;Falling;Rising;1;Recessionary Pressure
1991-12-31;1.2;3.1;Falling;Rising;0;Disinflationary Expansion
1992-01-31;1.2;2.6;Falling;Rising;0;Disinflationary Expansion
1992-02-29;1.2;2.8;Falling;Rising;0;Disinflationary Expansion
1992-03-31;2.9;3.2;Falling;Rising;0;Disinflationary Expansion
1992-04-30;2.9;3.2;Rising;Rising;0;Reflation / Overheating
1992-05-31;2.9;3.0;Flat;Rising;0;Neutral/Transition
1992-06-30;3.2;3.1;Flat;Rising;0;Neutral/Transition
1992-07-31;3.2;3.2;Rising;Rising;0;Reflation / Overheating
1992-08-31;3.2;3.1;Rising;Rising;0;Reflation / Overheating
1992-09-30;3.7;3.0;Falling;Rising;0;Disinflationary Expansion
1992-10-31;3.7;3.2;Flat;Rising;0;Neutral/Transition
1992-11-30;3.7;3.0;Flat;Rising;0;Neutral/Transition
1992-12-31;4.4;2.9;Falling;Rising;0;Disinflationary Expansion
1993-01-31;4.4;3.3;Rising;Rising;0;Reflation / Overheating
1993-02-28;4.4;3.2;Rising;Rising;0;Reflation / Overheating
1993-03-31;3.3;3.1;Rising;Falling;0;High Inflation / Slowing Growth
1993-04-30;3.3;3.2;Flat;Falling;0;Neutral/Transition
1993-05-31;3.3;3.2;Rising;Falling;0;High Inflation / Slowing Growth
1993-06-30;2.8;3.0;Rising;Falling;0;High Inflation / Slowing Growth
1993-07-31;2.8;2.8;Falling;Falling;0;Recessionary Pressure
1993-08-31;2.8;2.8;Falling;Falling;0;Recessionary Pressure
1993-09-30;2.3;2.7;Falling;Falling;0;Recessionary Pressure
1993-10-31;2.3;2.8;Falling;Falling;0;Recessionary Pressure
1993-11-30;2.3;2.7;Falling;Falling;0;Recessionary Pressure
1993-12-31;2.6;2.7;Falling;Falling;0;Recessionary Pressure
1994-01-31;2.6;2.5;Falling;Falling;0;Recessionary Pressure
1994-02-28;2.6;2.5;Falling;Falling;0;Recessionary Pressure
1994-03-31;3.4;2.5;Falling;Rising;0;Disinflationary Expansion
1994-04-30;3.4;2.4;Falling;Rising;0;Disinflationary Expansion
1994-05-31;3.4;2.3;Falling;Rising;0;Disinflationary Expansion
1994-06-30;4.2;2.5;Falling;Rising;0;Disinflationary Expansion
1994-07-31;4.2;2.8;Rising;Rising;0;Reflation / Overheating
1994-08-31;4.2;2.9;Rising;Rising;0;Reflation / Overheating
1994-09-30;4.3;3.0;Rising;Rising;0;Reflation / Overheating
1994-10-31;4.3;2.6;Rising;Rising;0;Reflation / Overheating
1994-11-30;4.3;2.7;Rising;Rising;0;Reflation / Overheating
1994-12-31;4.1;2.7;Rising;Falling;0;High Inflation / Slowing Growth
1995-01-31;4.1;2.8;Flat;Falling;0;Neutral/Transition
1995-02-28;4.1;2.9;Flat;Falling;0;Neutral/Transition
1995-03-31;3.5;2.9;Falling;Falling;0;Recessionary Pressure
1995-04-30;3.5;3.1;Rising;Falling;0;High Inflation / Slowing Growth
1995-05-31;3.5;3.2;Rising;Falling;0;High Inflation / Slowing Growth
1995-06-30;2.4;3.0;Rising;Falling;0;High Inflation / Slowing Growth
1995-07-31;2.4;2.8;Flat;Falling;0;Neutral/Transition
1995-08-31;2.4;2.6;Falling;Falling;0;Recessionary Pressure
1995-09-30;2.7;2.5;Falling;Falling;0;Recessionary Pressure
1995-10-31;2.7;2.8;Falling;Falling;0;Recessionary Pressure
1995-11-30;2.7;2.6;Falling;Falling;0;Recessionary Pressure
1995-12-31;2.2;2.5;Falling;Falling;0;Recessionary Pressure
1996-01-31;2.2;2.7;Falling;Falling;0;Recessionary Pressure
1996-02-29;2.2;2.7;Rising;Falling;0;High Inflation / Slowing Growth
1996-03-31;2.6;2.8;Rising;Falling;0;High Inflation / Slowing Growth
1996-04-30;2.6;2.9;Rising;Falling;0;High Inflation / Slowing Growth
1996-05-31;2.6;2.9;Rising;Falling;0;High Inflation / Slowing Growth
1996-06-30;4.0;2.8;Rising;Rising;0;Reflation / Overheating
1996-07-31;4.0;3.0;Rising;Rising;0;Reflation / Overheating
1996-08-31;4.0;2.9;Rising;Rising;0;Reflation / Overheating
1996-09-30;4.1;3.0;Rising;Rising;0;Reflation / Overheating
1996-10-31;4.1;3.0;Rising;Rising;0;Reflation / Overheating
1996-11-30;4.1;3.3;Rising;Rising;0;Reflation / Overheating
1996-12-31;4.4;3.3;Rising;Rising;0;Reflation / Overheating
1997-01-31;4.4;3.0;Flat;Rising;0;Neutral/Transition
1997-02-28;4.4;3.0;Rising;Rising;0;Reflation / Overheating
1997-03-31;4.3;2.8;Falling;Rising;0;Disinflationary Expansion
1997-04-30;4.3;2.5;Falling;Rising;0;Disinflationary Expansion
1997-05-31;4.3;2.2;Falling;Rising;0;Disinflationary Expansion
1997-06-30;4.3;2.3;Falling;Falling;0;Recessionary Pressure
1997-07-31;4.3;2.2;Falling;Falling;0;Recessionary Pressure
1997-08-31;4.3;2.2;Falling;Falling;0;Recessionary Pressure
1997-09-30;4.7;2.2;Falling;Rising;0;Disinflationary Expansion
1997-10-31;4.7;2.1;Falling;Rising;0;Disinflationary Expansion
1997-11-30;4.7;1.8;Falling;Rising;0;Disinflationary Expansion
1997-12-31;4.5;1.7;Falling;Rising;0;Disinflationary Expansion
1998-01-31;4.5;1.6;Falling;Rising;0;Disinflationary Expansion
1998-02-28;4.5;1.4;Falling;Rising;0;Disinflationary Expansion
1998-03-31;4.9;1.4;Falling;Rising;0;Disinflationary Expansion
1998-04-30;4.9;1.4;Falling;Rising;0;Disinflationary Expansion
1998-05-31;4.9;1.7;Falling;Rising;0;Disinflationary Expansion
1998-06-30;4.1;1.7;Flat;Falling;0;Neutral/Transition
1998-07-31;4.1;1.7;Rising;Falling;0;High Inflation / Slowing Growth
1998-08-31;4.1;1.6;Rising;Falling;0;High Inflation / Slowing Growth
1998-09-30;4.1;1.5;Rising;Falling;0;High Inflation / Slowing Growth
1998-10-31;4.1;1.5;Rising;Falling;0;High Inflation / Slowing Growth
1998-11-30;4.1;1.5;Falling;Falling;0;Recessionary Pressure
1998-12-31;4.9;1.6;Falling;Rising;0;Disinflationary Expansion
1999-01-31;4.9;1.7;Flat;Rising;0;Neutral/Transition
1999-02-28;4.9;1.6;Flat;Rising;0;Neutral/Transition
1999-03-31;4.8;1.7;Rising;Rising;0;Reflation / Overheating
1999-04-30;4.8;2.3;Rising;Rising;0;Reflation / Overheating
1999-05-31;4.8;2.1;Rising;Rising;0;Reflation / Overheating
1999-06-30;4.7;2.0;Rising;Falling;0;High Inflation / Slowing Growth
1999-07-31;4.7;2.1;Rising;Falling;0;High Inflation / Slowing Growth
1999-08-31;4.7;2.3;Rising;Falling;0;High Inflation / Slowing Growth
1999-09-30;4.8;2.6;Rising;Flat;0;Neutral/Transition
1999-10-31;4.8;2.6;Rising;Flat;0;Neutral/Transition
1999-11-30;4.8;2.6;Rising;Flat;0;Neutral/Transition
1999-12-31;4.8;2.7;Rising;Rising;0;Reflation / Overheating
2000-01-31;4.8;2.7;Rising;Rising;0;Reflation / Overheating
2000-02-29;4.8;3.2;Rising;Rising;0;Reflation / Overheating
2000-03-31;4.2;3.8;Rising;Falling;0;High Inflation / Slowing Growth
2000-04-30;4.2;3.1;Rising;Falling;0;High Inflation / Slowing Growth
2000-05-31;4.2;3.2;Rising;Falling;0;High Inflation / Slowing Growth
2000-06-30;5.2;3.7;Rising;Rising;0;Reflation / Overheating
2000-07-31;5.2;3.7;Rising;Rising;0;Reflation / Overheating
2000-08-31;5.2;3.4;Rising;Rising;0;Reflation / Overheating
2000-09-30;4.0;3.5;Falling;Falling;0;Recessionary Pressure
2000-10-31;4.0;3.4;Rising;Falling;0;High Inflation / Slowing Growth
2000-11-30;4.0;3.4;Rising;Falling;0;High Inflation / Slowing Growth
2000-12-31;2.9;3.4;Falling;Falling;0;Recessionary Pressure
2001-01-31;2.9;3.7;Flat;Falling;0;Neutral/Transition
2001-02-28;2.9;3.5;Rising;Falling;0;High Inflation / Slowing Growth
2001-03-31;2.2;2.9;Falling;Falling;0;Recessionary Pressure
2001-04-30;2.2;3.3;Falling;Falling;0;Recessionary Pressure
2001-05-31;2.2;3.6;Rising;Falling;0;High Inflation / Slowing Growth
2001-06-30;1.0;3.2;Falling;Falling;0;Recessionary Pressure
2001-07-31;1.0;2.7;Falling;Falling;0;Recessionary Pressure
2001-08-31;1.0;2.7;Falling;Falling;0;Recessionary Pressure
2001-09-30;0.5;2.6;Falling;Falling;0;Recessionary Pressure
2001-10-31;0.5;2.1;Falling;Falling;0;Recessionary Pressure
2001-11-30;0.5;1.9;Falling;Falling;0;Recessionary Pressure
2001-12-31;0.2;1.6;Falling;Falling;0;Recessionary Pressure
2002-01-31;0.2;1.1;Falling;Falling;0;Recessionary Pressure
2002-02-28;0.2;1.1;Falling;Falling;0;Recessionary Pressure
2002-03-31;1.3;1.5;Falling;Rising;0;Disinflationary Expansion
2002-04-30;1.3;1.6;Falling;Rising;0;Disinflationary Expansion
2002-05-31;1.3;1.2;Falling;Rising;0;Disinflationary Expansion
2002-06-30;1.3;1.1;Falling;Rising;0;Disinflationary Expansion
2002-07-31;1.3;1.5;Rising;Rising;0;Reflation / Overheating
2002-08-31;1.3;1.8;Rising;Rising;0;Reflation / Overheating
2002-09-30;2.1;1.5;Flat;Rising;0;Neutral/Transition
2002-10-31;2.1;2.0;Rising;Rising;0;Reflation / Overheating
2002-11-30;2.1;2.2;Rising;Rising;0;Reflation / Overheating
2002-12-31;2.0;2.4;Rising;Rising;0;Reflation / Overheating
2003-01-31;2.0;2.6;Rising;Rising;0;Reflation / Overheating
2003-02-28;2.0;3.0;Rising;Rising;0;Reflation / Overheating
2003-03-31;1.7;3.0;Rising;Falling;0;High Inflation / Slowing Growth
2003-04-30;1.7;2.2;Rising;Falling;0;High Inflation / Slowing Growth
2003-05-31;1.7;2.1;Falling;Falling;0;Recessionary Pressure
2003-06-30;2.0;2.1;Falling;Flat;0;Neutral/Transition
2003-07-31;2.0;2.1;Falling;Flat;0;Neutral/Transition
2003-08-31;2.0;2.2;Falling;Flat;0;Neutral/Transition
2003-09-30;3.2;2.3;Falling;Rising;0;Disinflationary Expansion
2003-10-31;3.2;2.0;Falling;Rising;0;Disinflationary Expansion
2003-11-30;3.2;1.8;Falling;Rising;0;Disinflationary Expansion
2003-12-31;4.3;1.9;Falling;Rising;0;Disinflationary Expansion
2004-01-31;4.3;1.9;Falling;Rising;0;Disinflationary Expansion
2004-02-29;4.3;1.7;Falling;Rising;0;Disinflationary Expansion
2004-03-31;4.3;1.7;Falling;Rising;0;Disinflationary Expansion
2004-04-30;4.3;2.3;Rising;Rising;0;Reflation / Overheating
2004-05-31;4.3;3.1;Rising;Rising;0;Reflation / Overheating
2004-06-30;4.2;3.3;Rising;Falling;0;High Inflation / Slowing Growth
2004-07-31;4.2;3.0;Rising;Falling;0;High Inflation / Slowing Growth
2004-08-31;4.2;2.7;Rising;Falling;0;High Inflation / Slowing Growth
2004-09-30;3.5;2.5;Rising;Falling;0;High Inflation / Slowing Growth
2004-10-31;3.5;3.2;Rising;Falling;0;High Inflation / Slowing Growth
2004-11-30;3.5;3.5;Rising;Falling;0;High Inflation / Slowing Growth
2004-12-31;3.4;3.3;Flat;Falling;0;Neutral/Transition
2005-01-31;3.4;3.0;Flat;Falling;0;Neutral/Transition
2005-02-28;3.4;3.0;Rising;Falling;0;High Inflation / Slowing Growth
2005-03-31;3.9;3.1;Rising;Rising;0;Reflation / Overheating
2005-04-30;3.9;3.5;Rising;Rising;0;Reflation / Overheating
2005-05-31;3.9;2.8;Falling;Rising;0;Disinflationary Expansion
2005-06-30;3.6;2.5;Falling;Rising;0;Disinflationary Expansion
2005-07-31;3.6;3.2;Rising;Rising;0;Reflation / Overheating
2005-08-31;3.6;3.6;Rising;Rising;0;Reflation / Overheating
2005-09-30;3.4;4.7;Rising;Falling;0;High Inflation / Slowing Growth
2005-10-31;3.4;4.3;Rising;Falling;0;High Inflation / Slowing Growth
2005-11-30;3.4;3.5;Rising;Falling;0;High Inflation / Slowing Growth
2005-12-31;3.0;3.4;Rising;Falling;0;High Inflation / Slowing Growth
2006-01-31;3.0;4.0;Rising;Falling;0;High Inflation / Slowing Growth
2006-02-28;3.0;3.6;Flat;Falling;0;Neutral/Transition
2006-03-31;3.2;3.4;Falling;Falling;0;Recessionary Pressure
2006-04-30;3.2;3.5;Falling;Falling;0;Recessionary Pressure
2006-05-31;3.2;4.2;Rising;Falling;0;High Inflation / Slowing Growth
2006-06-30;3.0;4.3;Rising;Flat;0;Neutral/Transition
2006-07-31;3.0;4.1;Rising;Flat;0;Neutral/Transition
2006-08-31;3.0;3.8;Rising;Flat;0;Neutral/Transition
2006-09-30;2.3;2.1;Falling;Falling;0;Recessionary Pressure
2006-10-31;2.3;1.3;Falling;Falling;0;Recessionary Pressure
2006-11-30;2.3;2.0;Falling;Falling;0;Recessionary Pressure
2006-12-31;2.6;2.5;Falling;Falling;0;Recessionary Pressure
2007-01-31;2.6;2.1;Falling;Falling;0;Recessionary Pressure
2007-02-28;2.6;2.4;Falling;Falling;0;Recessionary Pressure
2007-03-31;1.6;2.8;Rising;Falling;0;High Inflation / Slowing Growth
2007-04-30;1.6;2.6;Rising;Falling;0;High Inflation / Slowing Growth
2007-05-31;1.6;2.7;Rising;Falling;0;High Inflation / Slowing Growth
2007-06-30;1.9;2.7;Rising;Falling;0;High Inflation / Slowing Growth
2007-07-31;1.9;2.4;Rising;Falling;0;High Inflation / Slowing Growth
2007-08-31;1.9;2.0;Falling;Falling;0;Recessionary Pressure
2007-09-30;2.4;2.8;Flat;Rising;0;Neutral/Transition
2007-10-31;2.4;3.5;Rising;Rising;0;Reflation / Overheating
2007-11-30;2.4;4.3;Rising;Rising;0;Reflation / Overheating
2007-12-31;2.1;4.1;Rising;Rising;0;Reflation / Overheating
2008-01-31;2.1;4.3;Rising;Rising;0;Reflation / Overheating
2008-02-29;2.1;4.0;Rising;Rising;0;Reflation / Overheating
2008-03-31;1.4;4.0;Rising;Falling;0;High Inflation / Slowing Growth
2008-04-30;1.4;3.9;Rising;Falling;0;High Inflation / Slowing Growth
2008-05-31;1.4;4.2;Falling;Falling;0;Recessionary Pressure
2008-06-30;1.4;5.0;Rising;Falling;0;High Inflation / Slowing Growth
2008-07-31;1.4;5.6;Rising;Falling;0;High Inflation / Slowing Growth
2008-08-31;1.4;5.4;Rising;Falling;0;High Inflation / Slowing Growth
2008-09-30;0.3;4.9;Rising;Falling;0;High Inflation / Slowing Growth
2008-10-31;0.3;3.7;Falling;Falling;0;Recessionary Pressure
2008-11-30;0.3;1.1;Falling;Falling;0;Recessionary Pressure
2008-12-31;-2.5;0.1;Falling;Falling;1;Recessionary Pressure
2009-01-31;-2.5;0.0;Falling;Falling;1;Recessionary Pressure
2009-02-28;-2.5;0.2;Falling;Falling;1;Recessionary Pressure
2009-03-31;-3.2;-0.4;Falling;Falling;1;Recessionary Pressure
2009-04-30;-3.2;-0.7;Falling;Falling;1;Recessionary Pressure
2009-05-31;-3.2;-1.3;Falling;Falling;1;Recessionary Pressure
2009-06-30;-4.0;-1.4;Falling;Falling;1;Recessionary Pressure
2009-07-31;-4.0;-2.1;Falling;Falling;1;Recessionary Pressure
2009-08-31;-4.0;-1.5;Falling;Falling;1;Recessionary Pressure
2009-09-30;-3.1;-1.3;Falling;Rising;1;Recessionary Pressure
2009-10-31;-3.1;-0.2;Rising;Rising;1;Recessionary Pressure
2009-11-30;-3.1;1.8;Rising;Rising;1;Recessionary Pressure
2009-12-31;0.1;2.7;Rising;Rising;0;Reflation / Overheating
2010-01-31;0.1;2.6;Rising;Rising;0;Reflation / Overheating
2010-02-28;0.1;2.1;Rising;Rising;0;Reflation / Overheating
2010-03-31;1.7;2.3;Rising;Rising;0;Reflation / Overheating
2010-04-30;1.7;2.2;Rising;Rising;0;Reflation / Overheating
2010-05-31;1.7;2.0;Rising;Rising;0;Reflation / Overheating
2010-06-30;2.9;1.1;Falling;Rising;0;Disinflationary Expansion
2010-07-31;2.9;1.2;Falling;Rising;0;Disinflationary Expansion
2010-08-31;2.9;1.1;Falling;Rising;0;Disinflationary Expansion
2010-09-30;3.3;1.1;Falling;Rising;0;Disinflationary Expansion
2010-10-31;3.3;1.2;Falling;Rising;0;Disinflationary Expansion
2010-11-30;3.3;1.1;Falling;Rising;0;Disinflationary Expansion
2010-12-31;2.8;1.5;Rising;Falling;0;High Inflation / Slowing Growth
2011-01-31;2.8;1.6;Rising;Falling;0;High Inflation / Slowing Growth
2011-02-28;2.8;2.1;Rising;Falling;0;High Inflation / Slowing Growth
2011-03-31;2.0;2.7;Rising;Falling;0;High Inflation / Slowing Growth
2011-04-30;2.0;3.2;Rising;Falling;0;High Inflation / Slowing Growth
2011-05-31;2.0;3.6;Rising;Falling;0;High Inflation / Slowing Growth
2011-06-30;1.7;3.6;Rising;Falling;0;High Inflation / Slowing Growth
2011-07-31;1.7;3.6;Rising;Falling;0;High Inflation / Slowing Growth
2011-08-31;1.7;3.8;Rising;Falling;0;High Inflation / Slowing Growth
2011-09-30;0.9;3.9;Rising;Falling;0;High Inflation / Slowing Growth
2011-10-31;0.9;3.5;Rising;Falling;0;High Inflation / Slowing Growth
2011-11-30;0.9;3.4;Falling;Falling;0;Recessionary Pressure
2011-12-31;1.5;3.0;Falling;Falling;0;Recessionary Pressure
2012-01-31;1.5;2.9;Falling;Falling;0;Recessionary Pressure
2012-02-29;1.5;2.9;Falling;Falling;0;Recessionary Pressure
2012-03-31;2.6;2.7;Falling;Rising;0;Disinflationary Expansion
2012-04-30;2.6;2.3;Falling;Rising;0;Disinflationary Expansion
2012-05-31;2.6;1.7;Falling;Rising;0;Disinflationary Expansion
2012-06-30;2.4;1.7;Falling;Rising;0;Disinflationary Expansion
2012-07-31;2.4;1.4;Falling;Rising;0;Disinflationary Expansion
2012-08-31;2.4;1.7;Falling;Rising;0;Disinflationary Expansion
2012-09-30;2.6;2.0;Falling;Flat;0;Neutral/Transition
2012-10-31;2.6;2.2;Falling;Flat;0;Neutral/Transition
2012-11-30;2.6;1.8;Rising;Flat;0;Neutral/Transition
2012-12-31;1.6;1.7;Flat;Falling;0;Neutral/Transition
2013-01-31;1.6;1.6;Rising;Falling;0;High Inflation / Slowing Growth
2013-02-28;1.6;2.0;Rising;Falling;0;High Inflation / Slowing Growth
2013-03-31;1.7;1.5;Falling;Falling;0;Recessionary Pressure
2013-04-30;1.7;1.1;Falling;Falling;0;Recessionary Pressure
2013-05-31;1.7;1.4;Falling;Falling;0;Recessionary Pressure
2013-06-30;1.5;1.8;Rising;Falling;0;High Inflation / Slowing Growth
2013-07-31;1.5;2.0;Rising;Falling;0;High Inflation / Slowing Growth
2013-08-31;1.5;1.5;Falling;Falling;0;Recessionary Pressure
2013-09-30;2.2;1.2;Falling;Rising;0;Disinflationary Expansion
2013-10-31;2.2;1.0;Falling;Rising;0;Disinflationary Expansion
2013-11-30;2.2;1.2;Falling;Rising;0;Disinflationary Expansion
2013-12-31;3.0;1.5;Falling;Rising;0;Disinflationary Expansion
2014-01-31;3.0;1.6;Falling;Rising;0;Disinflationary Expansion
2014-02-28;3.0;1.1;Falling;Rising;0;Disinflationary Expansion
2014-03-31;1.7;1.5;Rising;Falling;0;High Inflation / Slowing Growth
2014-04-30;1.7;2.0;Rising;Falling;0;High Inflation / Slowing Growth
2014-05-31;1.7;2.1;Rising;Falling;0;High Inflation / Slowing Growth
2014-06-30;2.7;2.1;Rising;Falling;0;High Inflation / Slowing Growth
2014-07-31;2.7;2.0;Rising;Falling;0;High Inflation / Slowing Growth
2014-08-31;2.7;1.7;Rising;Falling;0;High Inflation / Slowing Growth
2014-09-30;3.1;1.7;Rising;Rising;0;Reflation / Overheating
2014-10-31;3.1;1.7;Falling;Rising;0;Disinflationary Expansion
2014-11-30;3.1;1.3;Falling;Rising;0;Disinflationary Expansion
2014-12-31;2.7;0.8;Falling;Flat;0;Neutral/Transition
2015-01-31;2.7;-0.1;Falling;Flat;0;Neutral/Transition
2015-02-28;2.7;0.0;Falling;Flat;0;Neutral/Transition
2015-03-31;4.0;-0.1;Falling;Rising;0;Disinflationary Expansion
2015-04-30;4.0;-0.2;Falling;Rising;0;Disinflationary Expansion
2015-05-31;4.0;0.0;Falling;Rising;0;Disinflationary Expansion
2015-06-30;3.3;0.1;Falling;Rising;0;Disinflationary Expansion
2015-07-31;3.3;0.2;Rising;Rising;0;Reflation / Overheating
2015-08-31;3.3;0.2;Rising;Rising;0;Reflation / Overheating
2015-09-30;2.4;0.0;Rising;Falling;0;High Inflation / Slowing Growth
2015-10-31;2.4;0.2;Rising;Falling;0;High Inflation / Slowing Growth
2015-11-30;2.4;0.5;Rising;Falling;0;High Inflation / Slowing Growth
2015-12-31;2.1;0.7;Rising;Falling;0;High Inflation / Slowing Growth
2016-01-31;2.1;1.4;Rising;Falling;0;High Inflation / Slowing Growth
2016-02-29;2.1;1.0;Rising;Falling;0;High Inflation / Slowing Growth
2016-03-31;1.8;0.9;Rising;Falling;0;High Inflation / Slowing Growth
2016-04-30;1.8;1.1;Rising;Falling;0;High Inflation / Slowing Growth
2016-05-31;1.8;1.0;Rising;Falling;0;High Inflation / Slowing Growth
2016-06-30;1.5;1.0;Rising;Falling;0;High Inflation / Slowing Growth
2016-07-31;1.5;0.8;Falling;Falling;0;Recessionary Pressure
2016-08-31;1.5;1.1;Rising;Falling;0;High Inflation / Slowing Growth
2016-09-30;1.8;1.5;Rising;Flat;0;Neutral/Transition
2016-10-31;1.8;1.6;Rising;Flat;0;Neutral/Transition
2016-11-30;1.8;1.7;Rising;Flat;0;Neutral/Transition
2016-12-31;2.2;2.1;Rising;Rising;0;Reflation / Overheating
2017-01-31;2.2;2.5;Rising;Rising;0;Reflation / Overheating
2017-02-28;2.2;2.7;Rising;Rising;0;Reflation / Overheating
2017-03-31;2.1;2.4;Rising;Rising;0;Reflation / Overheating
2017-04-30;2.1;2.2;Rising;Rising;0;Reflation / Overheating
2017-05-31;2.1;1.9;Rising;Rising;0;Reflation / Overheating
2017-06-30;2.3;1.6;Falling;Rising;0;Disinflationary Expansion
2017-07-31;2.3;1.7;Falling;Rising;0;Disinflationary Expansion
2017-08-31;2.3;1.9;Falling;Rising;0;Disinflationary Expansion
2017-09-30;2.4;2.2;Falling;Rising;0;Disinflationary Expansion
2017-10-31;2.4;2.0;Falling;Rising;0;Disinflationary Expansion
2017-11-30;2.4;2.2;Rising;Rising;0;Reflation / Overheating
2017-12-31;3.0;2.1;Rising;Rising;0;Reflation / Overheating
2018-01-31;3.0;2.1;Rising;Rising;0;Reflation / Overheating
2018-02-28;3.0;2.2;Rising;Rising;0;Reflation / Overheating
2018-03-31;3.3;2.4;Rising;Rising;0;Reflation / Overheating
2018-04-30;3.3;2.5;Rising;Rising;0;Reflation / Overheating
2018-05-31;3.3;2.8;Rising;Rising;0;Reflation / Overheating
2018-06-30;3.3;2.9;Rising;Rising;0;Reflation / Overheating
2018-07-31;3.3;2.9;Rising;Rising;0;Reflation / Overheating
2018-08-31;3.3;2.7;Rising;Rising;0;Reflation / Overheating
2018-09-30;3.1;2.3;Falling;Falling;0;Recessionary Pressure
2018-10-31;3.1;2.5;Flat;Falling;0;Neutral/Transition
2018-11-30;3.1;2.2;Falling;Falling;0;Recessionary Pressure
2018-12-31;2.1;1.9;Falling;Falling;0;Recessionary Pressure
2019-01-31;2.1;1.6;Falling;Falling;0;Recessionary Pressure
2019-02-28;2.1;1.5;Falling;Falling;0;Recessionary Pressure
2019-03-31;1.9;1.9;Falling;Falling;0;Recessionary Pressure
2019-04-30;1.9;2.0;Falling;Falling;0;Recessionary Pressure
2019-05-31;1.9;1.8;Falling;Falling;0;Recessionary Pressure
2019-06-30;2.2;1.6;Falling;Rising;0;Disinflationary Expansion
2019-07-31;2.2;1.8;Rising;Rising;0;Reflation / Overheating
2019-08-31;2.2;1.7;Rising;Rising;0;Reflation / Overheating
2019-09-30;2.7;1.7;Falling;Rising;0;Disinflationary Expansion
2019-10-31;2.7;1.8;Falling;Rising;0;Disinflationary Expansion
2019-11-30;2.7;2.1;Rising;Rising;0;Reflation / Overheating
2019-12-31;3.2;2.3;Rising;Rising;0;Reflation / Overheating
2020-01-31;3.2;2.5;Rising;Rising;0;Reflation / Overheating
2020-02-29;3.2;2.3;Rising;Rising;0;Reflation / Overheating
2020-03-31;1.2;1.5;Falling;Falling;0;Recessionary Pressure
2020-04-30;1.2;0.3;Falling;Falling;0;Recessionary Pressure
2020-05-31;1.2;0.1;Falling;Falling;0;Recessionary Pressure
2020-06-30;-7.5;0.6;Falling;Falling;1;Recessionary Pressure
2020-07-31;-7.5;1.0;Falling;Falling;1;Recessionary Pressure
2020-08-31;-7.5;1.3;Falling;Falling;1;Recessionary Pressure
2020-09-30;-1.5;1.4;Falling;Falling;1;Recessionary Pressure
2020-10-31;-1.5;1.2;Rising;Falling;1;Recessionary Pressure
2020-11-30;-1.5;1.2;Rising;Falling;1;Recessionary Pressure
2020-12-31;-1.1;1.4;Rising;Rising;1;Recessionary Pressure
2021-01-31;-1.1;1.4;Rising;Rising;1;Recessionary Pressure
2021-02-28;-1.1;1.7;Rising;Rising;1;Recessionary Pressure
2021-03-31;1.6;2.6;Rising;Rising;0;Reflation / Overheating
2021-04-30;1.6;4.2;Rising;Rising;0;Reflation / Overheating
2021-05-31;1.6;5.0;Rising;Rising;0;Reflation / Overheating
2021-06-30;11.9;5.4;Rising;Rising;0;Reflation / Overheating
2021-07-31;11.9;5.4;Rising;Rising;0;Reflation / Overheating
2021-08-31;11.9;5.3;Rising;Rising;0;Reflation / Overheating
2021-09-30;4.7;5.4;Rising;Rising;0;Reflation / Overheating
2021-10-31;4.7;6.2;Rising;Rising;0;Reflation / Overheating
2021-11-30;4.7;6.8;Rising;Rising;0;Reflation / Overheating
2021-12-31;5.4;7.0;Rising;Falling;0;High Inflation / Slowing Growth
2022-01-31;5.4;7.5;Rising;Falling;0;High Inflation / Slowing Growth
2022-02-28;5.4;7.9;Rising;Falling;0;High Inflation / Slowing Growth
2022-03-31;3.6;8.5;Rising;Falling;0;High Inflation / Slowing Growth
2022-04-30;3.6;8.3;Rising;Falling;0;High Inflation / Slowing Growth
2022-05-31;3.6;8.6;Rising;Falling;0;High Inflation / Slowing Growth
2022-06-30;1.9;9.1;Rising;Falling;0;High Inflation / Slowing Growth
2022-07-31;1.9;8.5;Rising;Falling;0;High Inflation / Slowing Growth
2022-08-31;1.9;8.3;Rising;Falling;0;High Inflation / Slowing Growth
2022-09-30;1.7;8.2;Falling;Falling;0;Recessionary Pressure
2022-10-31;1.7;7.7;Falling;Falling;0;Recessionary Pressure
2022-11-30;1.7;7.1;Falling;Falling;0;Recessionary Pressure
2022-12-31;0.7;6.5;Falling;Falling;0;Recessionary Pressure
2023-01-31;0.7;6.4;Falling;Falling;0;Recessionary Pressure
2023-02-28;0.7;6.0;Falling;Falling;0;Recessionary Pressure
2023-03-31;1.7;5.0;Falling;Flat;0;Neutral/Transition
2023-04-30;1.7;4.9;Falling;Flat;0;Neutral/Transition
2023-05-31;1.7;4.0;Falling;Flat;0;Neutral/Transition
2023-06-30;2.4;3.0;Falling;Rising;0;Disinflationary Expansion
2023-07-31;2.4;3.2;Falling;Rising;0;Disinflationary Expansion
2023-08-31;2.4;3.7;Falling;Rising;0;Disinflationary Expansion
2023-09-30;2.9;3.7;Falling;Rising;0;Disinflationary Expansion
2023-10-31;2.9;3.2;Falling;Rising;0;Disinflationary Expansion
2023-11-30;2.9;3.1;Falling;Rising;0;Disinflationary Expansion
2023-12-31;3.1;3.4;Rising;Rising;0;Reflation / Overheating
2024-01-31;3.1;3.1;Falling;Rising;0;Disinflationary Expansion
2024-02-29;3.1;3.2;Falling;Rising;0;Disinflationary Expansion
2024-03-31;2.9;3.5;Falling;Flat;0;Neutral/Transition
2024-04-30;2.9;3.4;Rising;Flat;0;Neutral/Transition
2024-05-31;2.9;3.3;Rising;Flat;0;Neutral/Transition
2024-06-30;2.9;3.0;Falling;Falling;0;Recessionary Pressure
